molecule_name,pIC50
CHEMBL305246,6.820564643614261
CHEMBL1774326,6.924061218751577
CHEMBL334801,6.395376656326561
CHEMBL3099522,5.454014233019949
CHEMBL518593,5.592697747050275
CHEMBL2391422,7.044292436395941
CHEMBL492771,5.323251151079704
CHEMBL399121,5.308862392781681
CHEMBL1448,5.681570972033339
CHEMBL499444,5.4694178464663965
